--
-- PostgreSQL database dump
--

-- Dumped from database version 12.1
-- Dumped by pg_dump version 12.1

SET statement_timeout = 0;
SET lock_timeout = 0;
SET idle_in_transaction_session_timeout = 0;
SET client_encoding = 'UTF8';
SET standard_conforming_strings = on;
SELECT pg_catalog.set_config('search_path', '', false);
SET check_function_bodies = false;
SET xmloption = content;
SET client_min_messages = warning;
SET row_security = off;

SET default_tablespace = '';

SET default_table_access_method = heap;

--
-- Name: __EFMigrationsHistory; Type: TABLE; Schema: public; Owner: postgres
--

CREATE TABLE public."__EFMigrationsHistory" (
    "MigrationId" character varying(150) NOT NULL,
    "ProductVersion" character varying(32) NOT NULL
);


ALTER TABLE public."__EFMigrationsHistory" OWNER TO postgres;

--
-- Name: alliances; Type: TABLE; Schema: public; Owner: postgres
--

CREATE TABLE public.alliances (
    id integer NOT NULL,
    name character varying NOT NULL,
    power integer NOT NULL
);


ALTER TABLE public.alliances OWNER TO postgres;

--
-- Name: alliances_entries; Type: TABLE; Schema: public; Owner: postgres
--

CREATE TABLE public.alliances_entries (
    id integer NOT NULL,
    alliance_id integer NOT NULL,
    empire_id integer NOT NULL,
    entry_year integer NOT NULL
);


ALTER TABLE public.alliances_entries OWNER TO postgres;

--
-- Name: alliances_entries_id_seq; Type: SEQUENCE; Schema: public; Owner: postgres
--

ALTER TABLE public.alliances_entries ALTER COLUMN id ADD GENERATED BY DEFAULT AS IDENTITY (
    SEQUENCE NAME public.alliances_entries_id_seq
    START WITH 1
    INCREMENT BY 1
    NO MINVALUE
    NO MAXVALUE
    CACHE 1
);


--
-- Name: alliances_id_seq; Type: SEQUENCE; Schema: public; Owner: postgres
--

ALTER TABLE public.alliances ALTER COLUMN id ADD GENERATED BY DEFAULT AS IDENTITY (
    SEQUENCE NAME public.alliances_id_seq
    START WITH 1
    INCREMENT BY 1
    NO MINVALUE
    NO MAXVALUE
    CACHE 1
);


--
-- Name: commanders; Type: TABLE; Schema: public; Owner: postgres
--

CREATE TABLE public.commanders (
    id integer NOT NULL,
    name character varying NOT NULL,
    gender character varying NOT NULL,
    age integer NOT NULL,
    rank_id integer NOT NULL,
    skill integer NOT NULL
);


ALTER TABLE public.commanders OWNER TO postgres;

--
-- Name: commanders_id_seq; Type: SEQUENCE; Schema: public; Owner: postgres
--

ALTER TABLE public.commanders ALTER COLUMN id ADD GENERATED BY DEFAULT AS IDENTITY (
    SEQUENCE NAME public.commanders_id_seq
    START WITH 1
    INCREMENT BY 1
    NO MINVALUE
    NO MAXVALUE
    CACHE 1
);


--
-- Name: empires; Type: TABLE; Schema: public; Owner: postgres
--

CREATE TABLE public.empires (
    id integer NOT NULL,
    name character varying NOT NULL,
    government_type_id integer NOT NULL,
    power integer NOT NULL,
    ruler character varying
);


ALTER TABLE public.empires OWNER TO postgres;

--
-- Name: empires_id_seq; Type: SEQUENCE; Schema: public; Owner: postgres
--

ALTER TABLE public.empires ALTER COLUMN id ADD GENERATED BY DEFAULT AS IDENTITY (
    SEQUENCE NAME public.empires_id_seq
    START WITH 1
    INCREMENT BY 1
    NO MINVALUE
    NO MAXVALUE
    CACHE 1
);


--
-- Name: fleets; Type: TABLE; Schema: public; Owner: postgres
--

CREATE TABLE public.fleets (
    id integer NOT NULL,
    name character varying NOT NULL,
    commander_id integer NOT NULL,
    status_id integer NOT NULL
);


ALTER TABLE public.fleets OWNER TO postgres;

--
-- Name: fleets_id_seq; Type: SEQUENCE; Schema: public; Owner: postgres
--

ALTER TABLE public.fleets ALTER COLUMN id ADD GENERATED BY DEFAULT AS IDENTITY (
    SEQUENCE NAME public.fleets_id_seq
    START WITH 1
    INCREMENT BY 1
    NO MINVALUE
    NO MAXVALUE
    CACHE 1
);


--
-- Name: government_types; Type: TABLE; Schema: public; Owner: postgres
--

CREATE TABLE public.government_types (
    id integer NOT NULL,
    name character varying NOT NULL
);


ALTER TABLE public.government_types OWNER TO postgres;

--
-- Name: government_types_id_seq; Type: SEQUENCE; Schema: public; Owner: postgres
--

ALTER TABLE public.government_types ALTER COLUMN id ADD GENERATED BY DEFAULT AS IDENTITY (
    SEQUENCE NAME public.government_types_id_seq
    START WITH 1
    INCREMENT BY 1
    NO MINVALUE
    NO MAXVALUE
    CACHE 1
);


--
-- Name: planets; Type: TABLE; Schema: public; Owner: postgres
--

CREATE TABLE public.planets (
    id integer NOT NULL,
    name character varying NOT NULL,
    approval integer,
    empire_id integer,
    habitability integer NOT NULL,
    population bigint NOT NULL,
    size integer NOT NULL,
    star_id integer NOT NULL
);


ALTER TABLE public.planets OWNER TO postgres;

--
-- Name: planets_id_seq; Type: SEQUENCE; Schema: public; Owner: postgres
--

ALTER TABLE public.planets ALTER COLUMN id ADD GENERATED BY DEFAULT AS IDENTITY (
    SEQUENCE NAME public.planets_id_seq
    START WITH 1
    INCREMENT BY 1
    NO MINVALUE
    NO MAXVALUE
    CACHE 1
);


--
-- Name: ranks; Type: TABLE; Schema: public; Owner: postgres
--

CREATE TABLE public.ranks (
    id integer NOT NULL,
    name character varying NOT NULL
);


ALTER TABLE public.ranks OWNER TO postgres;

--
-- Name: ranks_id_seq; Type: SEQUENCE; Schema: public; Owner: postgres
--

ALTER TABLE public.ranks ALTER COLUMN id ADD GENERATED BY DEFAULT AS IDENTITY (
    SEQUENCE NAME public.ranks_id_seq
    START WITH 1
    INCREMENT BY 1
    NO MINVALUE
    NO MAXVALUE
    CACHE 1
);


--
-- Name: shipyards; Type: TABLE; Schema: public; Owner: postgres
--

CREATE TABLE public.shipyards (
    id integer NOT NULL,
    name character varying NOT NULL,
    pipelines integer NOT NULL,
    planet_id integer NOT NULL,
    staff integer NOT NULL
);


ALTER TABLE public.shipyards OWNER TO postgres;

--
-- Name: shipyards_id_seq; Type: SEQUENCE; Schema: public; Owner: postgres
--

ALTER TABLE public.shipyards ALTER COLUMN id ADD GENERATED BY DEFAULT AS IDENTITY (
    SEQUENCE NAME public.shipyards_id_seq
    START WITH 1
    INCREMENT BY 1
    NO MINVALUE
    NO MAXVALUE
    CACHE 1
);


--
-- Name: spaceships; Type: TABLE; Schema: public; Owner: postgres
--

CREATE TABLE public.spaceships (
    id integer NOT NULL,
    name character varying NOT NULL,
    capacity integer NOT NULL,
    energy integer NOT NULL,
    firepower integer NOT NULL,
    fleet_id integer NOT NULL,
    fuel integer NOT NULL,
    hull integer NOT NULL,
    shipyard_id integer NOT NULL,
    speed integer NOT NULL,
    staff integer NOT NULL,
    weight integer NOT NULL
);


ALTER TABLE public.spaceships OWNER TO postgres;

--
-- Name: spaceships_id_seq; Type: SEQUENCE; Schema: public; Owner: postgres
--

ALTER TABLE public.spaceships ALTER COLUMN id ADD GENERATED BY DEFAULT AS IDENTITY (
    SEQUENCE NAME public.spaceships_id_seq
    START WITH 1
    INCREMENT BY 1
    NO MINVALUE
    NO MAXVALUE
    CACHE 1
);


--
-- Name: star_types; Type: TABLE; Schema: public; Owner: postgres
--

CREATE TABLE public.star_types (
    id integer NOT NULL,
    name character varying NOT NULL
);


ALTER TABLE public.star_types OWNER TO postgres;

--
-- Name: star_types_id_seq; Type: SEQUENCE; Schema: public; Owner: postgres
--

ALTER TABLE public.star_types ALTER COLUMN id ADD GENERATED BY DEFAULT AS IDENTITY (
    SEQUENCE NAME public.star_types_id_seq
    START WITH 1
    INCREMENT BY 1
    NO MINVALUE
    NO MAXVALUE
    CACHE 1
);


--
-- Name: stars; Type: TABLE; Schema: public; Owner: postgres
--

CREATE TABLE public.stars (
    id integer NOT NULL,
    name character varying NOT NULL,
    age bigint NOT NULL,
    size integer NOT NULL,
    type_id integer NOT NULL
);


ALTER TABLE public.stars OWNER TO postgres;

--
-- Name: stars_id_seq; Type: SEQUENCE; Schema: public; Owner: postgres
--

ALTER TABLE public.stars ALTER COLUMN id ADD GENERATED BY DEFAULT AS IDENTITY (
    SEQUENCE NAME public.stars_id_seq
    START WITH 1
    INCREMENT BY 1
    NO MINVALUE
    NO MAXVALUE
    CACHE 1
);


--
-- Name: statuses; Type: TABLE; Schema: public; Owner: postgres
--

CREATE TABLE public.statuses (
    id integer NOT NULL,
    name character varying NOT NULL
);


ALTER TABLE public.statuses OWNER TO postgres;

--
-- Name: statuses_id_seq; Type: SEQUENCE; Schema: public; Owner: postgres
--

ALTER TABLE public.statuses ALTER COLUMN id ADD GENERATED BY DEFAULT AS IDENTITY (
    SEQUENCE NAME public.statuses_id_seq
    START WITH 1
    INCREMENT BY 1
    NO MINVALUE
    NO MAXVALUE
    CACHE 1
);


--
-- Data for Name: __EFMigrationsHistory; Type: TABLE DATA; Schema: public; Owner: postgres
--

INSERT INTO public."__EFMigrationsHistory" ("MigrationId", "ProductVersion") VALUES ('20200318093130_Initial migration', '3.1.2');
INSERT INTO public."__EFMigrationsHistory" ("MigrationId", "ProductVersion") VALUES ('20200318120558_Populate with data', '3.1.2');
INSERT INTO public."__EFMigrationsHistory" ("MigrationId", "ProductVersion") VALUES ('20200318130248_Add alliances', '3.1.2');


--
-- Data for Name: alliances; Type: TABLE DATA; Schema: public; Owner: postgres
--

INSERT INTO public.alliances (id, name, power) VALUES (1, 'Holy League', 341);
INSERT INTO public.alliances (id, name, power) VALUES (2, 'Strong Alliance', 434);
INSERT INTO public.alliances (id, name, power) VALUES (3, 'Defenders', 34234);
INSERT INTO public.alliances (id, name, power) VALUES (4, 'Hegemony', 5235);
INSERT INTO public.alliances (id, name, power) VALUES (5, 'Galactic Union', 3423);
INSERT INTO public.alliances (id, name, power) VALUES (11, 'Trade League', 300);
INSERT INTO public.alliances (id, name, power) VALUES (12, 'Eternal Alliance', 400);


--
-- Data for Name: alliances_entries; Type: TABLE DATA; Schema: public; Owner: postgres
--

INSERT INTO public.alliances_entries (id, alliance_id, empire_id, entry_year) VALUES (2, 1, 1, 2020);
INSERT INTO public.alliances_entries (id, alliance_id, empire_id, entry_year) VALUES (3, 1, 2, 2839);
INSERT INTO public.alliances_entries (id, alliance_id, empire_id, entry_year) VALUES (4, 1, 3, 2452);
INSERT INTO public.alliances_entries (id, alliance_id, empire_id, entry_year) VALUES (5, 2, 4, 2555);
INSERT INTO public.alliances_entries (id, alliance_id, empire_id, entry_year) VALUES (6, 2, 3, 3442);


--
-- Data for Name: commanders; Type: TABLE DATA; Schema: public; Owner: postgres
--

INSERT INTO public.commanders (id, name, gender, age, rank_id, skill) VALUES (2, 'Antuan', 'm', 90, 4, 18);
INSERT INTO public.commanders (id, name, gender, age, rank_id, skill) VALUES (3, 'Liz', 'f', 20, 3, 12);
INSERT INTO public.commanders (id, name, gender, age, rank_id, skill) VALUES (4, 'Allen', 'm', 29, 4, 40);
INSERT INTO public.commanders (id, name, gender, age, rank_id, skill) VALUES (5, 'Alina', 'f', 46, 2, 50);
INSERT INTO public.commanders (id, name, gender, age, rank_id, skill) VALUES (1, 'Alexander', 'm', 34, 2, 10);
INSERT INTO public.commanders (id, name, gender, age, rank_id, skill) VALUES (6, 'Sergey', 'm', 99, 4, 100);


--
-- Data for Name: empires; Type: TABLE DATA; Schema: public; Owner: postgres
--

INSERT INTO public.empires (id, name, government_type_id, power, ruler) VALUES (1, 'Galactic Supremacy', 1, 100, 'Ivanov');
INSERT INTO public.empires (id, name, government_type_id, power, ruler) VALUES (2, 'Intergalactic Exchange', 2, 120, 'Petrov');
INSERT INTO public.empires (id, name, government_type_id, power, ruler) VALUES (3, 'Fanatic Purifiers', 3, 3000, 'Sidorov');
INSERT INTO public.empires (id, name, government_type_id, power, ruler) VALUES (4, 'Stagnating Order', 6, 2000, NULL);


--
-- Data for Name: fleets; Type: TABLE DATA; Schema: public; Owner: postgres
--

INSERT INTO public.fleets (id, name, commander_id, status_id) VALUES (2, 'Striking Armada', 3, 4);
INSERT INTO public.fleets (id, name, commander_id, status_id) VALUES (3, 'Defending Formation', 2, 2);
INSERT INTO public.fleets (id, name, commander_id, status_id) VALUES (5, 'United Naval Garrison 5544', 5, 5);
INSERT INTO public.fleets (id, name, commander_id, status_id) VALUES (1, 'First Fleet', 4, 1);
INSERT INTO public.fleets (id, name, commander_id, status_id) VALUES (21, 'Ground Assault Fleet', 1, 5);
INSERT INTO public.fleets (id, name, commander_id, status_id) VALUES (28, 'Undestructible Armada', 6, 1);


--
-- Data for Name: government_types; Type: TABLE DATA; Schema: public; Owner: postgres
--

INSERT INTO public.government_types (id, name) VALUES (1, 'Republic');
INSERT INTO public.government_types (id, name) VALUES (2, 'Empire');
INSERT INTO public.government_types (id, name) VALUES (3, 'Hivemind');
INSERT INTO public.government_types (id, name) VALUES (4, 'Federation');
INSERT INTO public.government_types (id, name) VALUES (5, 'Democracy');
INSERT INTO public.government_types (id, name) VALUES (6, 'Anarchy');


--
-- Data for Name: planets; Type: TABLE DATA; Schema: public; Owner: postgres
--

INSERT INTO public.planets (id, name, approval, empire_id, habitability, population, size, star_id) VALUES (1, 'Mercury', 86, 1, 80, 1000000, 43, 1);
INSERT INTO public.planets (id, name, approval, empire_id, habitability, population, size, star_id) VALUES (2, 'Venus', 67, 2, 80, 25153535, 23, 2);
INSERT INTO public.planets (id, name, approval, empire_id, habitability, population, size, star_id) VALUES (3, 'Earth', 56, NULL, 56, 532555644, 43, 3);
INSERT INTO public.planets (id, name, approval, empire_id, habitability, population, size, star_id) VALUES (4, 'Mars', 65, 3, 98, 2466243436, 32, 3);
INSERT INTO public.planets (id, name, approval, empire_id, habitability, population, size, star_id) VALUES (5, 'Jupyter', 76, 4, 34, 25325, 43, 4);
INSERT INTO public.planets (id, name, approval, empire_id, habitability, population, size, star_id) VALUES (6, 'Saturn', NULL, NULL, 67, 0, 15, 1);


--
-- Data for Name: ranks; Type: TABLE DATA; Schema: public; Owner: postgres
--

INSERT INTO public.ranks (id, name) VALUES (1, 'Captain');
INSERT INTO public.ranks (id, name) VALUES (2, 'Commander');
INSERT INTO public.ranks (id, name) VALUES (3, 'Admiral');
INSERT INTO public.ranks (id, name) VALUES (4, 'Grand Admiral');


--
-- Data for Name: shipyards; Type: TABLE DATA; Schema: public; Owner: postgres
--

INSERT INTO public.shipyards (id, name, pipelines, planet_id, staff) VALUES (5, 'Ship Assemblies', 1, 4, 2);
INSERT INTO public.shipyards (id, name, pipelines, planet_id, staff) VALUES (2, 'Jupyter Station', 65, 5, 54);
INSERT INTO public.shipyards (id, name, pipelines, planet_id, staff) VALUES (1, 'Grand Royal Shipyard', 80, 1, 800);
INSERT INTO public.shipyards (id, name, pipelines, planet_id, staff) VALUES (3, 'Observation Post', 3, 2, 34);
INSERT INTO public.shipyards (id, name, pipelines, planet_id, staff) VALUES (4, 'Titan Factory', 2, 3, 34);


--
-- Data for Name: spaceships; Type: TABLE DATA; Schema: public; Owner: postgres
--

INSERT INTO public.spaceships (id, name, capacity, energy, firepower, fleet_id, fuel, hull, shipyard_id, speed, staff, weight) VALUES (5, 'Black Pearl', 2, 32, 65, 5, 78, 6, 1, 42, 5, 42);
INSERT INTO public.spaceships (id, name, capacity, energy, firepower, fleet_id, fuel, hull, shipyard_id, speed, staff, weight) VALUES (2, 'Flagship', 43, 4, 43, 3, 45, 4, 1, 12, 65, 42);
INSERT INTO public.spaceships (id, name, capacity, energy, firepower, fleet_id, fuel, hull, shipyard_id, speed, staff, weight) VALUES (31, 'ef', 0, 0, 0, 3, 0, 0, 2, 0, 0, 0);
INSERT INTO public.spaceships (id, name, capacity, energy, firepower, fleet_id, fuel, hull, shipyard_id, speed, staff, weight) VALUES (3, 'Black ', 42, 43, 45, 5, 54, 54, 3, 42, 6, 23);
INSERT INTO public.spaceships (id, name, capacity, energy, firepower, fleet_id, fuel, hull, shipyard_id, speed, staff, weight) VALUES (4, 'Queen Anne''s Revenge', 4, 43, 7, 5, 6, 54, 4, 42, 65, 32);
INSERT INTO public.spaceships (id, name, capacity, energy, firepower, fleet_id, fuel, hull, shipyard_id, speed, staff, weight) VALUES (1, 'Escalibur', 57, 45, 95, 5, 34, 65, 2, 60, 5, 3);
INSERT INTO public.spaceships (id, name, capacity, energy, firepower, fleet_id, fuel, hull, shipyard_id, speed, staff, weight) VALUES (44, 'Gh', 0, 0, 3432, 3, 0, 0, 4, 0, 0, 0);
INSERT INTO public.spaceships (id, name, capacity, energy, firepower, fleet_id, fuel, hull, shipyard_id, speed, staff, weight) VALUES (33, 'fe', 1, 2, 0, 1, 0, 0, 2, 1, 0, 0);


--
-- Data for Name: star_types; Type: TABLE DATA; Schema: public; Owner: postgres
--

INSERT INTO public.star_types (id, name) VALUES (1, 'Type C');
INSERT INTO public.star_types (id, name) VALUES (2, 'Type G');
INSERT INTO public.star_types (id, name) VALUES (3, 'Type A');


--
-- Data for Name: stars; Type: TABLE DATA; Schema: public; Owner: postgres
--

INSERT INTO public.stars (id, name, age, size, type_id) VALUES (1, 'Sol', 4500000000, 4, 1);
INSERT INTO public.stars (id, name, age, size, type_id) VALUES (2, 'Alpha Centauri', 6000000000, 6, 2);
INSERT INTO public.stars (id, name, age, size, type_id) VALUES (3, 'Proxima Centauri', 500000000, 5, 3);
INSERT INTO public.stars (id, name, age, size, type_id) VALUES (4, 'Betelgeuse', 8000000000, 8, 2);
INSERT INTO public.stars (id, name, age, size, type_id) VALUES (5, 'Unity', 12000000000, 54, 1);


--
-- Data for Name: statuses; Type: TABLE DATA; Schema: public; Owner: postgres
--

INSERT INTO public.statuses (id, name) VALUES (1, 'Fighting');
INSERT INTO public.statuses (id, name) VALUES (2, 'Repairing');
INSERT INTO public.statuses (id, name) VALUES (3, 'FTL');
INSERT INTO public.statuses (id, name) VALUES (4, 'Standby');
INSERT INTO public.statuses (id, name) VALUES (5, 'Pursue');
INSERT INTO public.statuses (id, name) VALUES (6, 'Fleeing');
INSERT INTO public.statuses (id, name) VALUES (7, 'Patrol');
INSERT INTO public.statuses (id, name) VALUES (8, 'Bombardment');


--
-- Name: alliances_entries_id_seq; Type: SEQUENCE SET; Schema: public; Owner: postgres
--

SELECT pg_catalog.setval('public.alliances_entries_id_seq', 1, false);


--
-- Name: alliances_id_seq; Type: SEQUENCE SET; Schema: public; Owner: postgres
--

SELECT pg_catalog.setval('public.alliances_id_seq', 1, false);


--
-- Name: commanders_id_seq; Type: SEQUENCE SET; Schema: public; Owner: postgres
--

SELECT pg_catalog.setval('public.commanders_id_seq', 1, false);


--
-- Name: empires_id_seq; Type: SEQUENCE SET; Schema: public; Owner: postgres
--

SELECT pg_catalog.setval('public.empires_id_seq', 1, false);


--
-- Name: fleets_id_seq; Type: SEQUENCE SET; Schema: public; Owner: postgres
--

SELECT pg_catalog.setval('public.fleets_id_seq', 1, false);


--
-- Name: government_types_id_seq; Type: SEQUENCE SET; Schema: public; Owner: postgres
--

SELECT pg_catalog.setval('public.government_types_id_seq', 1, false);


--
-- Name: planets_id_seq; Type: SEQUENCE SET; Schema: public; Owner: postgres
--

SELECT pg_catalog.setval('public.planets_id_seq', 1, false);


--
-- Name: ranks_id_seq; Type: SEQUENCE SET; Schema: public; Owner: postgres
--

SELECT pg_catalog.setval('public.ranks_id_seq', 1, false);


--
-- Name: shipyards_id_seq; Type: SEQUENCE SET; Schema: public; Owner: postgres
--

SELECT pg_catalog.setval('public.shipyards_id_seq', 1, false);


--
-- Name: spaceships_id_seq; Type: SEQUENCE SET; Schema: public; Owner: postgres
--

SELECT pg_catalog.setval('public.spaceships_id_seq', 1, false);


--
-- Name: star_types_id_seq; Type: SEQUENCE SET; Schema: public; Owner: postgres
--

SELECT pg_catalog.setval('public.star_types_id_seq', 1, false);


--
-- Name: stars_id_seq; Type: SEQUENCE SET; Schema: public; Owner: postgres
--

SELECT pg_catalog.setval('public.stars_id_seq', 1, false);


--
-- Name: statuses_id_seq; Type: SEQUENCE SET; Schema: public; Owner: postgres
--

SELECT pg_catalog.setval('public.statuses_id_seq', 1, false);


--
-- Name: __EFMigrationsHistory PK___EFMigrationsHistory; Type: CONSTRAINT; Schema: public; Owner: postgres
--

ALTER TABLE ONLY public."__EFMigrationsHistory"
    ADD CONSTRAINT "PK___EFMigrationsHistory" PRIMARY KEY ("MigrationId");


--
-- Name: alliances PK_alliances; Type: CONSTRAINT; Schema: public; Owner: postgres
--

ALTER TABLE ONLY public.alliances
    ADD CONSTRAINT "PK_alliances" PRIMARY KEY (id);


--
-- Name: alliances_entries PK_alliances_entries; Type: CONSTRAINT; Schema: public; Owner: postgres
--

ALTER TABLE ONLY public.alliances_entries
    ADD CONSTRAINT "PK_alliances_entries" PRIMARY KEY (id);


--
-- Name: commanders PK_commanders; Type: CONSTRAINT; Schema: public; Owner: postgres
--

ALTER TABLE ONLY public.commanders
    ADD CONSTRAINT "PK_commanders" PRIMARY KEY (id);


--
-- Name: empires PK_empires; Type: CONSTRAINT; Schema: public; Owner: postgres
--

ALTER TABLE ONLY public.empires
    ADD CONSTRAINT "PK_empires" PRIMARY KEY (id);


--
-- Name: fleets PK_fleets; Type: CONSTRAINT; Schema: public; Owner: postgres
--

ALTER TABLE ONLY public.fleets
    ADD CONSTRAINT "PK_fleets" PRIMARY KEY (id);


--
-- Name: government_types PK_government_types; Type: CONSTRAINT; Schema: public; Owner: postgres
--

ALTER TABLE ONLY public.government_types
    ADD CONSTRAINT "PK_government_types" PRIMARY KEY (id);


--
-- Name: planets PK_planets; Type: CONSTRAINT; Schema: public; Owner: postgres
--

ALTER TABLE ONLY public.planets
    ADD CONSTRAINT "PK_planets" PRIMARY KEY (id);


--
-- Name: ranks PK_ranks; Type: CONSTRAINT; Schema: public; Owner: postgres
--

ALTER TABLE ONLY public.ranks
    ADD CONSTRAINT "PK_ranks" PRIMARY KEY (id);


--
-- Name: shipyards PK_shipyards; Type: CONSTRAINT; Schema: public; Owner: postgres
--

ALTER TABLE ONLY public.shipyards
    ADD CONSTRAINT "PK_shipyards" PRIMARY KEY (id);


--
-- Name: spaceships PK_spaceships; Type: CONSTRAINT; Schema: public; Owner: postgres
--

ALTER TABLE ONLY public.spaceships
    ADD CONSTRAINT "PK_spaceships" PRIMARY KEY (id);


--
-- Name: star_types PK_star_types; Type: CONSTRAINT; Schema: public; Owner: postgres
--

ALTER TABLE ONLY public.star_types
    ADD CONSTRAINT "PK_star_types" PRIMARY KEY (id);


--
-- Name: stars PK_stars; Type: CONSTRAINT; Schema: public; Owner: postgres
--

ALTER TABLE ONLY public.stars
    ADD CONSTRAINT "PK_stars" PRIMARY KEY (id);


--
-- Name: statuses PK_statuses; Type: CONSTRAINT; Schema: public; Owner: postgres
--

ALTER TABLE ONLY public.statuses
    ADD CONSTRAINT "PK_statuses" PRIMARY KEY (id);


--
-- Name: IX_alliances_entries_empire_id; Type: INDEX; Schema: public; Owner: postgres
--

CREATE INDEX "IX_alliances_entries_empire_id" ON public.alliances_entries USING btree (empire_id);


--
-- Name: IX_commanders_rank_id; Type: INDEX; Schema: public; Owner: postgres
--

CREATE INDEX "IX_commanders_rank_id" ON public.commanders USING btree (rank_id);


--
-- Name: IX_empires_government_type_id; Type: INDEX; Schema: public; Owner: postgres
--

CREATE INDEX "IX_empires_government_type_id" ON public.empires USING btree (government_type_id);


--
-- Name: IX_fleets_status_id; Type: INDEX; Schema: public; Owner: postgres
--

CREATE INDEX "IX_fleets_status_id" ON public.fleets USING btree (status_id);


--
-- Name: IX_planets_empire_id; Type: INDEX; Schema: public; Owner: postgres
--

CREATE INDEX "IX_planets_empire_id" ON public.planets USING btree (empire_id);


--
-- Name: IX_planets_star_id; Type: INDEX; Schema: public; Owner: postgres
--

CREATE INDEX "IX_planets_star_id" ON public.planets USING btree (star_id);


--
-- Name: IX_spaceships_fleet_id; Type: INDEX; Schema: public; Owner: postgres
--

CREATE INDEX "IX_spaceships_fleet_id" ON public.spaceships USING btree (fleet_id);


--
-- Name: IX_spaceships_shipyard_id; Type: INDEX; Schema: public; Owner: postgres
--

CREATE INDEX "IX_spaceships_shipyard_id" ON public.spaceships USING btree (shipyard_id);


--
-- Name: IX_stars_type_id; Type: INDEX; Schema: public; Owner: postgres
--

CREATE INDEX "IX_stars_type_id" ON public.stars USING btree (type_id);


--
-- Name: alliance_entries_alliance_id_empire_id_uindex; Type: INDEX; Schema: public; Owner: postgres
--

CREATE UNIQUE INDEX alliance_entries_alliance_id_empire_id_uindex ON public.alliances_entries USING btree (alliance_id, empire_id);


--
-- Name: alliances_name_uindex; Type: INDEX; Schema: public; Owner: postgres
--

CREATE UNIQUE INDEX alliances_name_uindex ON public.alliances USING btree (name);


--
-- Name: empires_name_uindex; Type: INDEX; Schema: public; Owner: postgres
--

CREATE UNIQUE INDEX empires_name_uindex ON public.empires USING btree (name);


--
-- Name: fleets_commander_id_uindex; Type: INDEX; Schema: public; Owner: postgres
--

CREATE UNIQUE INDEX fleets_commander_id_uindex ON public.fleets USING btree (commander_id);


--
-- Name: fleets_name_uindex; Type: INDEX; Schema: public; Owner: postgres
--

CREATE UNIQUE INDEX fleets_name_uindex ON public.fleets USING btree (name);


--
-- Name: government_types_name_uindex; Type: INDEX; Schema: public; Owner: postgres
--

CREATE UNIQUE INDEX government_types_name_uindex ON public.government_types USING btree (name);


--
-- Name: planets_name_uindex; Type: INDEX; Schema: public; Owner: postgres
--

CREATE UNIQUE INDEX planets_name_uindex ON public.planets USING btree (name);


--
-- Name: ranks_name_uindex; Type: INDEX; Schema: public; Owner: postgres
--

CREATE UNIQUE INDEX ranks_name_uindex ON public.ranks USING btree (name);


--
-- Name: shipyards_name_uindex; Type: INDEX; Schema: public; Owner: postgres
--

CREATE UNIQUE INDEX shipyards_name_uindex ON public.shipyards USING btree (name);


--
-- Name: shipyards_planet_id_uindex; Type: INDEX; Schema: public; Owner: postgres
--

CREATE UNIQUE INDEX shipyards_planet_id_uindex ON public.shipyards USING btree (planet_id);


--
-- Name: spaceships_name_uindex; Type: INDEX; Schema: public; Owner: postgres
--

CREATE UNIQUE INDEX spaceships_name_uindex ON public.spaceships USING btree (name);


--
-- Name: star_types_name_uindex; Type: INDEX; Schema: public; Owner: postgres
--

CREATE UNIQUE INDEX star_types_name_uindex ON public.star_types USING btree (name);


--
-- Name: stars_name_uindex; Type: INDEX; Schema: public; Owner: postgres
--

CREATE UNIQUE INDEX stars_name_uindex ON public.stars USING btree (name);


--
-- Name: statuses_name_uindex; Type: INDEX; Schema: public; Owner: postgres
--

CREATE UNIQUE INDEX statuses_name_uindex ON public.statuses USING btree (name);


--
-- Name: alliances_entries alliance_entries_alliances_id_fk; Type: FK CONSTRAINT; Schema: public; Owner: postgres
--

ALTER TABLE ONLY public.alliances_entries
    ADD CONSTRAINT alliance_entries_alliances_id_fk FOREIGN KEY (alliance_id) REFERENCES public.alliances(id) ON DELETE RESTRICT;


--
-- Name: alliances_entries alliance_entries_empires_id_fk; Type: FK CONSTRAINT; Schema: public; Owner: postgres
--

ALTER TABLE ONLY public.alliances_entries
    ADD CONSTRAINT alliance_entries_empires_id_fk FOREIGN KEY (empire_id) REFERENCES public.empires(id) ON DELETE RESTRICT;


--
-- Name: commanders commanders_ranks_id_fk; Type: FK CONSTRAINT; Schema: public; Owner: postgres
--

ALTER TABLE ONLY public.commanders
    ADD CONSTRAINT commanders_ranks_id_fk FOREIGN KEY (rank_id) REFERENCES public.ranks(id) ON DELETE RESTRICT;


--
-- Name: empires empires_government_types_id_fk; Type: FK CONSTRAINT; Schema: public; Owner: postgres
--

ALTER TABLE ONLY public.empires
    ADD CONSTRAINT empires_government_types_id_fk FOREIGN KEY (government_type_id) REFERENCES public.government_types(id) ON DELETE RESTRICT;


--
-- Name: fleets fleets___fk; Type: FK CONSTRAINT; Schema: public; Owner: postgres
--

ALTER TABLE ONLY public.fleets
    ADD CONSTRAINT fleets___fk FOREIGN KEY (status_id) REFERENCES public.statuses(id) ON DELETE RESTRICT;


--
-- Name: fleets fleets_commanders_id_fk; Type: FK CONSTRAINT; Schema: public; Owner: postgres
--

ALTER TABLE ONLY public.fleets
    ADD CONSTRAINT fleets_commanders_id_fk FOREIGN KEY (commander_id) REFERENCES public.commanders(id) ON DELETE CASCADE;


--
-- Name: planets planets_empires_id_fk; Type: FK CONSTRAINT; Schema: public; Owner: postgres
--

ALTER TABLE ONLY public.planets
    ADD CONSTRAINT planets_empires_id_fk FOREIGN KEY (empire_id) REFERENCES public.empires(id) ON DELETE RESTRICT;


--
-- Name: planets planets_stars_id_fk; Type: FK CONSTRAINT; Schema: public; Owner: postgres
--

ALTER TABLE ONLY public.planets
    ADD CONSTRAINT planets_stars_id_fk FOREIGN KEY (star_id) REFERENCES public.stars(id) ON DELETE RESTRICT;


--
-- Name: shipyards shipyards_planets_id_fk; Type: FK CONSTRAINT; Schema: public; Owner: postgres
--

ALTER TABLE ONLY public.shipyards
    ADD CONSTRAINT shipyards_planets_id_fk FOREIGN KEY (planet_id) REFERENCES public.planets(id) ON DELETE RESTRICT;


--
-- Name: spaceships spaceships_fleets_id_fk; Type: FK CONSTRAINT; Schema: public; Owner: postgres
--

ALTER TABLE ONLY public.spaceships
    ADD CONSTRAINT spaceships_fleets_id_fk FOREIGN KEY (fleet_id) REFERENCES public.fleets(id) ON DELETE RESTRICT;


--
-- Name: spaceships spaceships_shipyards_id_fk; Type: FK CONSTRAINT; Schema: public; Owner: postgres
--

ALTER TABLE ONLY public.spaceships
    ADD CONSTRAINT spaceships_shipyards_id_fk FOREIGN KEY (shipyard_id) REFERENCES public.shipyards(id) ON DELETE RESTRICT;


--
-- Name: stars stars_star_types_id_fk; Type: FK CONSTRAINT; Schema: public; Owner: postgres
--

ALTER TABLE ONLY public.stars
    ADD CONSTRAINT stars_star_types_id_fk FOREIGN KEY (type_id) REFERENCES public.star_types(id) ON DELETE RESTRICT;


--
-- PostgreSQL database dump complete
--

